sensor_id,city,zone_type,pm25,pm10,co2_ppm,temperature_c,humidity_pct,wind_speed_kmh,aqi_value,severity,recorded_at
PKS_KHI_IND_01,Karachi,industrial,136.05,211.65,924.64,45.0,29.71,24.98,192.59,UNHEALTHY,2026-07-13T07:59:28Z
PKS_KHI_TRF_02,Karachi,traffic,75.51,119.16,723.85,45.0,65.81,14.8,161.33,UNHEALTHY,2026-07-13T07:59:28Z
PKS_LHR_RES_01,Lahore,residential,46.73,56.95,490.45,38.99,76.56,14.17,128.65,UNHEALTHY,2026-07-13T07:59:28Z
PKS_LHR_IND_02,Lahore,industrial,130.37,179.44,1256.61,43.43,34.31,23.48,189.66,UNHEALTHY,2026-07-13T07:59:28Z
PKS_ISB_PRK_01,Islamabad,park,9.24,13.53,613.09,34.86,90.0,9.99,38.5,GOOD,2026-07-13T07:59:28Z
PKS_ISB_TRF_02,Islamabad,traffic,309.61,448.79,1182.26,42.15,43.67,11.64,348.07,HAZARDOUS,2026-07-13T07:59:28Z
PKS_PEW_IND_01,Peshawar,industrial,357.23,564.21,1171.5,42.62,54.16,24.37,385.99,HAZARDOUS,2026-07-13T07:59:28Z
PKS_PEW_RES_02,Peshawar,residential,52.79,69.98,512.83,35.65,60.05,4.84,143.57,UNHEALTHY,2026-07-13T07:59:28Z
PKS_MUL_TRF_01,Multan,traffic,87.75,122.4,753.6,30.88,28.06,38.64,167.65,UNHEALTHY,2026-07-13T07:59:28Z
PKS_MUL_PRK_02,Multan,park,35.46,44.04,779.35,36.63,90.0,13.32,500.0,HAZARDOUS,2026-07-13T07:59:28Z
PKS_KHI_IND_01,Karachi,industrial,108.45,135.75,979.45,45.0,29.14,28.36,178.34,UNHEALTHY,2026-07-13T08:11:00Z
PKS_KHI_TRF_02,Karachi,traffic,66.24,102.08,733.74,43.59,70.21,15.63,156.55,UNHEALTHY,2026-07-13T08:11:00Z
PKS_LHR_RES_01,Lahore,residential,47.54,70.65,614.01,32.52,42.35,11.95,130.65,UNHEALTHY,2026-07-13T08:11:00Z
PKS_LHR_IND_02,Lahore,industrial,98.21,149.73,905.35,42.14,48.66,9.96,173.05,UNHEALTHY,2026-07-13T08:11:00Z
PKS_ISB_PRK_01,Islamabad,park,14.89,19.59,540.92,36.1,70.44,15.27,56.87,MODERATE,2026-07-13T08:11:00Z
PKS_ISB_TRF_02,Islamabad,traffic,88.03,135.98,886.89,45.0,73.14,26.59,167.8,UNHEALTHY,2026-07-13T08:11:00Z
PKS_PEW_IND_01,Peshawar,industrial,149.52,209.76,987.17,45.0,23.27,7.06,199.55,UNHEALTHY,2026-07-13T08:11:00Z
PKS_PEW_RES_02,Peshawar,residential,56.94,77.12,596.5,45.0,51.4,23.86,151.74,UNHEALTHY,2026-07-13T08:11:00Z
PKS_MUL_TRF_01,Multan,traffic,104.41,133.97,733.66,45.0,57.21,18.67,176.25,UNHEALTHY,2026-07-13T08:11:00Z
PKS_MUL_PRK_02,Multan,park,13.4,20.85,479.04,45.0,63.48,12.53,53.73,MODERATE,2026-07-13T08:11:00Z
PKS_KHI_IND_01,Karachi,industrial,129.99,175.39,702.42,43.47,46.44,21.87,189.46,UNHEALTHY,2026-07-13T08:13:49Z
PKS_KHI_TRF_02,Karachi,traffic,93.73,132.64,795.32,37.96,27.12,15.13,170.74,UNHEALTHY,2026-07-13T08:13:49Z
PKS_LHR_RES_01,Lahore,residential,115.6,174.76,785.88,45.0,66.24,5.2,182.03,UNHEALTHY,2026-07-13T08:13:49Z
PKS_LHR_IND_02,Lahore,industrial,451.82,600.0,1186.58,34.77,42.67,20.65,461.31,HAZARDOUS,2026-07-13T08:13:49Z
PKS_ISB_PRK_01,Islamabad,park,56.69,75.84,852.95,31.96,62.91,8.27,151.61,UNHEALTHY,2026-07-13T08:13:49Z
PKS_ISB_TRF_02,Islamabad,traffic,87.27,117.73,753.75,43.58,73.63,26.63,167.4,UNHEALTHY,2026-07-13T08:13:49Z
PKS_PEW_IND_01,Peshawar,industrial,172.82,269.33,1226.14,41.78,34.75,23.67,223.12,HAZARDOUS,2026-07-13T08:13:49Z
PKS_PEW_RES_02,Peshawar,residential,58.62,71.46,675.16,40.59,54.47,8.0,152.61,UNHEALTHY,2026-07-13T08:13:49Z
PKS_MUL_TRF_01,Multan,traffic,93.84,120.46,937.05,41.51,37.75,28.39,170.8,UNHEALTHY,2026-07-13T08:13:49Z
PKS_MUL_PRK_02,Multan,park,24.49,29.74,465.56,31.3,90.0,9.31,77.06,MODERATE,2026-07-13T08:13:49Z
PKS_KHI_IND_01,Karachi,industrial,447.82,600.0,1169.5,40.06,45.73,26.31,458.13,HAZARDOUS,2026-07-13T08:14:01Z
PKS_KHI_TRF_02,Karachi,traffic,105.26,146.73,967.59,35.29,71.63,20.61,176.69,UNHEALTHY,2026-07-13T08:14:01Z
PKS_LHR_RES_01,Lahore,residential,53.56,76.43,675.68,45.0,43.75,10.35,145.47,UNHEALTHY,2026-07-13T08:14:01Z
PKS_LHR_IND_02,Lahore,industrial,115.9,182.07,992.81,45.0,27.79,29.49,182.19,UNHEALTHY,2026-07-13T08:14:01Z
PKS_ISB_PRK_01,Islamabad,park,16.09,23.24,581.22,31.86,59.89,17.52,59.39,MODERATE,2026-07-13T08:14:01Z
PKS_ISB_TRF_02,Islamabad,traffic,351.81,549.12,1146.11,45.0,30.41,39.21,381.68,HAZARDOUS,2026-07-13T08:14:01Z
PKS_PEW_IND_01,Peshawar,industrial,116.65,158.84,795.13,43.86,58.9,24.57,182.57,UNHEALTHY,2026-07-13T08:14:01Z
PKS_PEW_RES_02,Peshawar,residential,53.76,68.88,508.93,45.0,77.89,11.84,145.96,UNHEALTHY,2026-07-13T08:14:01Z
PKS_MUL_TRF_01,Multan,traffic,81.24,105.95,760.68,40.96,46.55,20.09,164.29,UNHEALTHY,2026-07-13T08:14:01Z
PKS_MUL_PRK_02,Multan,park,13.96,19.63,486.37,31.01,90.0,18.13,54.91,MODERATE,2026-07-13T08:14:01Z
PKS_KHI_IND_01,Karachi,industrial,159.67,237.14,1124.69,45.0,14.15,13.53,210.09,HAZARDOUS,2026-07-13T08:14:12Z
PKS_KHI_TRF_02,Karachi,traffic,110.7,136.32,850.7,45.0,61.98,33.61,179.5,UNHEALTHY,2026-07-13T08:14:12Z
PKS_LHR_RES_01,Lahore,residential,53.77,77.74,618.94,43.05,45.12,8.68,145.99,UNHEALTHY,2026-07-13T08:14:12Z
PKS_LHR_IND_02,Lahore,industrial,148.69,211.68,1260.07,42.38,43.03,29.69,199.12,UNHEALTHY,2026-07-13T08:14:12Z
PKS_ISB_PRK_01,Islamabad,park,12.3,19.48,486.73,40.43,62.71,16.09,51.42,MODERATE,2026-07-13T08:14:12Z
PKS_ISB_TRF_02,Islamabad,traffic,102.09,160.61,780.88,41.8,41.3,27.0,175.06,UNHEALTHY,2026-07-13T08:14:12Z
PKS_PEW_IND_01,Peshawar,industrial,147.42,229.67,853.89,34.98,16.92,21.47,198.46,UNHEALTHY,2026-07-13T08:14:12Z
PKS_PEW_RES_02,Peshawar,residential,61.2,90.91,532.24,45.0,52.68,22.82,153.94,UNHEALTHY,2026-07-13T08:14:12Z
PKS_MUL_TRF_01,Multan,traffic,101.33,146.26,588.64,34.13,34.4,31.24,174.66,UNHEALTHY,2026-07-13T08:14:12Z
PKS_MUL_PRK_02,Multan,park,11.92,15.96,453.57,32.02,60.12,6.55,49.67,GOOD,2026-07-13T08:14:12Z
PKS_KHI_IND_01,Karachi,industrial,468.21,600.0,1378.63,45.0,52.13,8.43,474.37,HAZARDOUS,2026-07-13T08:14:23Z
PKS_KHI_TRF_02,Karachi,traffic,87.59,108.0,940.12,36.36,29.58,19.4,167.57,UNHEALTHY,2026-07-13T08:14:23Z
PKS_LHR_RES_01,Lahore,residential,51.89,74.39,565.7,35.99,52.39,7.02,141.36,UNHEALTHY,2026-07-13T08:14:23Z
PKS_LHR_IND_02,Lahore,industrial,124.14,176.02,1041.72,45.0,30.52,29.53,186.44,UNHEALTHY,2026-07-13T08:14:23Z
PKS_ISB_PRK_01,Islamabad,park,78.66,102.21,798.22,45.0,90.0,17.89,162.96,UNHEALTHY,2026-07-13T08:14:23Z
PKS_ISB_TRF_02,Islamabad,traffic,77.41,120.51,897.34,41.29,54.33,34.72,162.31,UNHEALTHY,2026-07-13T08:14:23Z
PKS_PEW_IND_01,Peshawar,industrial,115.95,171.66,915.6,41.85,60.28,27.55,182.21,UNHEALTHY,2026-07-13T08:14:23Z
PKS_PEW_RES_02,Peshawar,residential,34.69,42.31,620.08,33.86,54.67,12.66,98.51,MODERATE,2026-07-13T08:14:23Z
PKS_MUL_TRF_01,Multan,traffic,92.59,144.58,668.39,37.16,36.03,35.24,170.15,UNHEALTHY,2026-07-13T08:14:23Z
PKS_MUL_PRK_02,Multan,park,15.67,21.49,511.52,41.03,74.04,6.0,58.51,MODERATE,2026-07-13T08:14:23Z
PKS_KHI_IND_01,Karachi,industrial,115.62,181.9,1010.37,39.15,37.2,26.58,182.04,UNHEALTHY,2026-07-13T10:16:30Z
PKS_KHI_TRF_02,Karachi,traffic,98.48,122.57,924.0,45.0,56.04,12.07,173.19,UNHEALTHY,2026-07-13T10:16:30Z
PKS_LHR_RES_01,Lahore,residential,42.82,62.39,563.9,36.55,64.81,15.66,119.02,UNHEALTHY,2026-07-13T10:16:30Z
PKS_LHR_IND_02,Lahore,industrial,131.67,195.73,1045.1,33.85,24.43,10.63,190.33,UNHEALTHY,2026-07-13T10:16:30Z
PKS_ISB_PRK_01,Islamabad,park,15.35,23.8,493.09,34.11,57.12,9.41,57.83,MODERATE,2026-07-13T10:16:30Z
PKS_ISB_TRF_02,Islamabad,traffic,103.64,151.91,776.84,36.27,60.48,32.31,175.86,UNHEALTHY,2026-07-13T10:16:30Z
PKS_PEW_IND_01,Peshawar,industrial,134.12,196.78,1077.34,45.0,35.9,19.56,191.59,UNHEALTHY,2026-07-13T10:16:30Z
PKS_PEW_RES_02,Peshawar,residential,32.73,48.98,574.49,45.0,80.12,16.45,94.38,MODERATE,2026-07-13T10:16:30Z
PKS_MUL_TRF_01,Multan,traffic,103.37,138.76,790.58,45.0,40.38,29.87,175.72,UNHEALTHY,2026-07-13T10:16:30Z
PKS_MUL_PRK_02,Multan,park,69.48,108.71,791.03,35.71,90.0,4.77,158.22,UNHEALTHY,2026-07-13T10:16:30Z
PKS_KHI_IND_01,Karachi,industrial,143.16,223.8,850.19,41.05,18.57,26.67,196.26,UNHEALTHY,2026-07-13T10:16:42Z
PKS_KHI_TRF_02,Karachi,traffic,84.61,113.92,742.86,45.0,39.13,14.07,166.03,UNHEALTHY,2026-07-13T10:16:42Z
PKS_LHR_RES_01,Lahore,residential,41.2,57.4,533.97,45.0,55.98,20.92,115.04,UNHEALTHY,2026-07-13T10:16:42Z
PKS_LHR_IND_02,Lahore,industrial,99.01,131.14,1073.38,45.0,30.81,23.17,173.47,UNHEALTHY,2026-07-13T10:16:42Z
PKS_ISB_PRK_01,Islamabad,park,19.68,25.67,559.29,34.57,90.0,7.15,66.94,MODERATE,2026-07-13T10:16:42Z
PKS_ISB_TRF_02,Islamabad,traffic,364.12,453.59,1082.72,45.0,44.53,25.31,391.48,HAZARDOUS,2026-07-13T10:16:42Z
PKS_PEW_IND_01,Peshawar,industrial,154.28,244.72,877.53,45.0,59.24,10.66,204.75,HAZARDOUS,2026-07-13T10:16:42Z
PKS_PEW_RES_02,Peshawar,residential,94.39,137.34,946.26,40.28,77.14,12.66,171.08,UNHEALTHY,2026-07-13T10:16:42Z
PKS_MUL_TRF_01,Multan,traffic,243.69,298.32,1262.55,38.05,53.25,35.25,293.35,HAZARDOUS,2026-07-13T10:16:42Z
PKS_MUL_PRK_02,Multan,park,22.49,31.85,582.9,32.95,78.2,10.36,72.85,MODERATE,2026-07-13T10:16:42Z
PKS_KHI_IND_01,Karachi,industrial,153.09,242.41,856.77,45.0,23.47,22.97,203.57,HAZARDOUS,2026-07-13T10:16:53Z
PKS_KHI_TRF_02,Karachi,traffic,86.76,112.08,598.5,45.0,23.12,28.63,167.14,UNHEALTHY,2026-07-13T10:16:53Z
PKS_LHR_RES_01,Lahore,residential,57.63,78.11,495.74,31.29,85.53,22.35,152.1,UNHEALTHY,2026-07-13T10:16:53Z
PKS_LHR_IND_02,Lahore,industrial,108.75,140.02,838.76,45.0,28.15,20.53,178.49,UNHEALTHY,2026-07-13T10:16:53Z
PKS_ISB_PRK_01,Islamabad,park,21.2,27.03,577.92,38.55,64.37,5.7,70.14,MODERATE,2026-07-13T10:16:53Z
PKS_ISB_TRF_02,Islamabad,traffic,87.08,137.16,777.96,45.0,36.91,32.57,167.31,UNHEALTHY,2026-07-13T10:16:53Z
PKS_PEW_IND_01,Peshawar,industrial,147.28,180.43,796.96,45.0,39.54,16.35,198.39,UNHEALTHY,2026-07-13T10:16:53Z
PKS_PEW_RES_02,Peshawar,residential,51.54,70.56,633.77,39.1,75.31,16.24,140.5,UNHEALTHY,2026-07-13T10:16:53Z
PKS_MUL_TRF_01,Multan,traffic,95.83,115.4,634.39,35.99,57.03,18.31,171.82,UNHEALTHY,2026-07-13T10:16:53Z
PKS_MUL_PRK_02,Multan,park,18.06,28.05,470.07,29.13,90.0,12.32,63.53,MODERATE,2026-07-13T10:16:53Z
PKS_KHI_IND_01,Karachi,industrial,402.6,561.08,1358.08,45.0,44.56,20.15,422.12,HAZARDOUS,2026-07-13T10:17:04Z
PKS_KHI_TRF_02,Karachi,traffic,93.67,120.01,951.26,43.54,59.61,10.9,170.71,UNHEALTHY,2026-07-13T10:17:04Z
PKS_LHR_RES_01,Lahore,residential,59.58,77.33,569.41,44.81,79.31,12.38,153.11,UNHEALTHY,2026-07-13T10:17:04Z
PKS_LHR_IND_02,Lahore,industrial,101.16,145.24,994.09,45.0,57.52,12.6,174.58,UNHEALTHY,2026-07-13T10:17:04Z
PKS_ISB_PRK_01,Islamabad,park,67.71,87.04,579.17,45.0,84.63,14.09,157.3,UNHEALTHY,2026-07-13T10:17:04Z
PKS_ISB_TRF_02,Islamabad,traffic,283.06,435.27,1058.47,45.0,75.41,14.62,326.93,HAZARDOUS,2026-07-13T10:17:04Z
PKS_PEW_IND_01,Peshawar,industrial,123.62,156.84,878.6,37.94,50.95,7.52,186.17,UNHEALTHY,2026-07-13T10:17:04Z
PKS_PEW_RES_02,Peshawar,residential,42.1,54.35,682.2,33.92,89.28,18.86,117.25,UNHEALTHY,2026-07-13T10:17:04Z
PKS_MUL_TRF_01,Multan,traffic,86.09,131.39,908.5,42.0,40.21,9.92,166.79,UNHEALTHY,2026-07-13T10:17:04Z
PKS_MUL_PRK_02,Multan,park,25.59,38.71,531.08,45.0,90.0,4.36,79.37,MODERATE,2026-07-13T10:17:04Z
PKS_KHI_IND_01,Karachi,industrial,105.78,130.75,1129.22,40.39,48.51,12.79,176.96,UNHEALTHY,2026-07-13T10:17:15Z
PKS_KHI_TRF_02,Karachi,traffic,87.29,117.12,849.41,42.72,57.74,20.71,167.41,UNHEALTHY,2026-07-13T10:17:15Z
PKS_LHR_RES_01,Lahore,residential,60.22,74.98,645.97,31.63,40.21,13.8,153.44,UNHEALTHY,2026-07-13T10:17:15Z
PKS_LHR_IND_02,Lahore,industrial,117.15,172.63,875.3,45.0,56.2,8.4,182.83,UNHEALTHY,2026-07-13T10:17:15Z
PKS_ISB_PRK_01,Islamabad,park,21.14,32.32,475.48,32.29,90.0,15.15,70.01,MODERATE,2026-07-13T10:17:15Z
PKS_ISB_TRF_02,Islamabad,traffic,85.71,106.17,659.86,37.88,63.61,35.05,166.6,UNHEALTHY,2026-07-13T10:17:15Z
PKS_PEW_IND_01,Peshawar,industrial,125.92,192.88,1048.89,45.0,11.17,20.08,187.36,UNHEALTHY,2026-07-13T10:17:15Z
PKS_PEW_RES_02,Peshawar,residential,91.79,140.05,717.4,43.6,76.34,9.35,169.74,UNHEALTHY,2026-07-13T10:17:15Z
PKS_MUL_TRF_01,Multan,traffic,103.93,127.8,879.67,41.31,33.72,37.77,176.01,UNHEALTHY,2026-07-13T10:17:15Z
PKS_MUL_PRK_02,Multan,park,12.11,14.65,459.51,30.45,90.0,13.11,51.02,MODERATE,2026-07-13T10:17:15Z
PKS_KHI_IND_01,Karachi,industrial,144.38,212.5,863.86,43.02,50.52,9.95,196.89,UNHEALTHY,2026-07-13T10:17:26Z
PKS_KHI_TRF_02,Karachi,traffic,267.92,329.81,911.95,45.0,36.74,32.66,314.87,HAZARDOUS,2026-07-13T10:17:26Z
PKS_LHR_RES_01,Lahore,residential,63.29,94.0,541.77,35.95,89.4,6.14,155.02,UNHEALTHY,2026-07-13T10:17:26Z
PKS_LHR_IND_02,Lahore,industrial,147.89,185.22,822.13,45.0,33.9,25.87,198.7,UNHEALTHY,2026-07-13T10:17:26Z
PKS_ISB_PRK_01,Islamabad,park,43.38,58.4,793.78,40.81,71.62,14.05,120.4,UNHEALTHY,2026-07-13T10:17:26Z
PKS_ISB_TRF_02,Islamabad,traffic,364.05,482.74,1112.55,40.06,32.62,36.99,391.42,HAZARDOUS,2026-07-13T10:17:26Z
PKS_PEW_IND_01,Peshawar,industrial,137.5,192.14,748.52,45.0,17.21,25.28,193.34,UNHEALTHY,2026-07-13T10:17:26Z
PKS_PEW_RES_02,Peshawar,residential,53.06,69.95,627.0,40.67,57.3,7.26,144.24,UNHEALTHY,2026-07-13T10:17:26Z
PKS_MUL_TRF_01,Multan,traffic,227.48,358.06,1136.42,45.0,36.91,17.43,277.29,HAZARDOUS,2026-07-13T10:17:26Z
PKS_MUL_PRK_02,Multan,park,20.12,31.26,591.38,36.04,87.15,14.12,67.87,MODERATE,2026-07-13T10:17:26Z
PKS_KHI_IND_01,Karachi,industrial,359.31,561.39,1174.72,45.0,42.39,29.7,387.65,HAZARDOUS,2026-07-13T10:17:37Z
PKS_KHI_TRF_02,Karachi,traffic,86.66,135.08,709.97,39.32,39.0,24.79,167.09,UNHEALTHY,2026-07-13T10:17:37Z
PKS_LHR_RES_01,Lahore,residential,63.45,88.56,566.47,37.47,90.0,12.59,155.1,UNHEALTHY,2026-07-13T10:17:37Z
PKS_LHR_IND_02,Lahore,industrial,136.0,198.3,893.0,45.0,11.42,9.08,192.56,UNHEALTHY,2026-07-13T10:17:37Z
PKS_ISB_PRK_01,Islamabad,park,24.07,36.09,468.67,39.44,59.07,20.09,76.17,MODERATE,2026-07-13T10:17:37Z
PKS_ISB_TRF_02,Islamabad,traffic,98.34,137.67,765.48,40.08,70.27,14.63,173.12,UNHEALTHY,2026-07-13T10:17:37Z
PKS_PEW_IND_01,Peshawar,industrial,124.12,190.33,907.07,42.5,50.12,6.67,186.43,UNHEALTHY,2026-07-13T10:17:37Z
PKS_PEW_RES_02,Peshawar,residential,30.7,47.27,506.75,28.72,54.31,20.45,90.12,MODERATE,2026-07-13T10:17:37Z
PKS_MUL_TRF_01,Multan,traffic,263.93,369.99,986.02,44.71,60.75,18.67,311.69,HAZARDOUS,2026-07-13T10:17:37Z
PKS_MUL_PRK_02,Multan,park,11.84,18.35,595.19,40.89,63.02,8.16,49.33,GOOD,2026-07-13T10:17:37Z
PKS_KHI_IND_01,Karachi,industrial,129.82,166.73,1073.59,45.0,33.78,18.36,189.37,UNHEALTHY,2026-07-13T10:17:48Z
PKS_KHI_TRF_02,Karachi,traffic,106.93,135.78,764.26,35.79,66.17,16.48,177.56,UNHEALTHY,2026-07-13T10:17:48Z
PKS_LHR_RES_01,Lahore,residential,63.52,77.57,491.76,39.08,90.0,12.36,155.14,UNHEALTHY,2026-07-13T10:17:48Z
PKS_LHR_IND_02,Lahore,industrial,117.46,151.74,1208.21,45.0,50.74,29.93,182.99,UNHEALTHY,2026-07-13T10:17:48Z
PKS_ISB_PRK_01,Islamabad,park,19.24,26.09,547.26,45.0,90.0,3.61,66.02,MODERATE,2026-07-13T10:17:48Z
PKS_ISB_TRF_02,Islamabad,traffic,101.18,132.28,730.74,45.0,57.28,24.45,174.59,UNHEALTHY,2026-07-13T10:17:48Z
PKS_PEW_IND_01,Peshawar,industrial,117.24,182.64,856.98,39.21,20.62,8.95,182.88,UNHEALTHY,2026-07-13T10:17:48Z
PKS_PEW_RES_02,Peshawar,residential,49.6,65.02,661.74,34.8,90.0,14.23,135.72,UNHEALTHY,2026-07-13T10:17:48Z
PKS_MUL_TRF_01,Multan,traffic,97.11,129.23,820.17,45.0,58.11,29.36,172.48,UNHEALTHY,2026-07-13T10:17:48Z
PKS_MUL_PRK_02,Multan,park,22.55,31.9,610.21,32.37,88.96,18.11,72.98,MODERATE,2026-07-13T10:17:48Z
PKS_KHI_IND_01,Karachi,industrial,152.95,188.29,904.28,45.0,43.27,24.22,203.43,HAZARDOUS,2026-07-13T10:17:59Z
PKS_KHI_TRF_02,Karachi,traffic,89.7,127.42,611.86,45.0,55.84,35.19,168.66,UNHEALTHY,2026-07-13T10:17:59Z
PKS_LHR_RES_01,Lahore,residential,85.76,110.58,704.58,32.37,57.05,16.51,166.62,UNHEALTHY,2026-07-13T10:17:59Z
PKS_LHR_IND_02,Lahore,industrial,145.99,227.72,800.78,41.43,53.84,17.22,197.72,UNHEALTHY,2026-07-13T10:17:59Z
PKS_ISB_PRK_01,Islamabad,park,20.2,28.43,461.75,34.0,74.73,14.64,68.03,MODERATE,2026-07-13T10:17:59Z
PKS_ISB_TRF_02,Islamabad,traffic,72.72,93.22,931.77,35.66,59.11,26.48,159.89,UNHEALTHY,2026-07-13T10:17:59Z
PKS_PEW_IND_01,Peshawar,industrial,273.83,404.74,1488.79,45.0,18.59,10.35,319.58,HAZARDOUS,2026-07-13T10:17:59Z
PKS_PEW_RES_02,Peshawar,residential,66.73,97.63,587.94,41.59,51.01,12.75,156.8,UNHEALTHY,2026-07-13T10:17:59Z
PKS_MUL_TRF_01,Multan,traffic,88.58,117.48,722.62,34.57,67.55,43.64,168.08,UNHEALTHY,2026-07-13T10:17:59Z
PKS_MUL_PRK_02,Multan,park,15.12,19.65,602.82,36.4,90.0,9.34,57.35,MODERATE,2026-07-13T10:17:59Z
PKS_KHI_IND_01,Karachi,industrial,129.55,194.52,963.24,43.23,21.28,16.27,189.23,UNHEALTHY,2026-07-13T10:18:10Z
PKS_KHI_TRF_02,Karachi,traffic,346.24,550.97,1253.31,45.0,44.43,28.23,377.24,HAZARDOUS,2026-07-13T10:18:10Z
PKS_LHR_RES_01,Lahore,residential,54.04,81.13,544.81,35.01,68.31,14.07,146.65,UNHEALTHY,2026-07-13T10:18:10Z
PKS_LHR_IND_02,Lahore,industrial,101.29,144.74,932.83,39.16,51.41,19.18,174.64,UNHEALTHY,2026-07-13T10:18:10Z
PKS_ISB_PRK_01,Islamabad,park,18.79,25.68,619.7,41.49,90.0,17.03,65.07,MODERATE,2026-07-13T10:18:10Z
PKS_ISB_TRF_02,Islamabad,traffic,73.94,113.4,758.75,37.9,67.32,18.88,160.52,UNHEALTHY,2026-07-13T10:18:10Z
PKS_PEW_IND_01,Peshawar,industrial,144.72,178.45,714.09,45.0,65.1,30.36,197.07,UNHEALTHY,2026-07-13T10:18:10Z
PKS_PEW_RES_02,Peshawar,residential,67.25,99.26,502.59,40.73,35.75,6.16,157.07,UNHEALTHY,2026-07-13T10:18:10Z
PKS_MUL_TRF_01,Multan,traffic,95.31,123.2,716.08,37.83,69.71,30.45,171.56,UNHEALTHY,2026-07-13T10:18:10Z
PKS_MUL_PRK_02,Multan,park,12.54,16.38,474.99,26.76,90.0,20.14,51.93,MODERATE,2026-07-13T10:18:10Z
PKS_KHI_IND_01,Karachi,industrial,101.98,148.0,803.79,45.0,14.87,8.58,175.0,UNHEALTHY,2026-07-13T10:18:21Z
PKS_KHI_TRF_02,Karachi,traffic,91.34,134.74,661.32,45.0,48.2,37.03,169.51,UNHEALTHY,2026-07-13T10:18:21Z
PKS_LHR_RES_01,Lahore,residential,54.32,65.73,592.94,38.64,75.45,13.35,147.34,UNHEALTHY,2026-07-13T10:18:21Z
PKS_LHR_IND_02,Lahore,industrial,463.44,600.0,1116.86,45.0,19.01,11.82,470.57,HAZARDOUS,2026-07-13T10:18:21Z
PKS_ISB_PRK_01,Islamabad,park,18.64,29.18,531.43,42.0,90.0,16.32,64.75,MODERATE,2026-07-13T10:18:21Z
PKS_ISB_TRF_02,Islamabad,traffic,90.75,123.95,935.68,43.15,31.51,11.34,169.2,UNHEALTHY,2026-07-13T10:18:21Z
PKS_PEW_IND_01,Peshawar,industrial,149.63,225.2,1166.62,44.37,42.1,8.72,199.6,UNHEALTHY,2026-07-13T10:18:21Z
PKS_PEW_RES_02,Peshawar,residential,56.23,68.73,526.2,45.0,68.17,7.32,151.38,UNHEALTHY,2026-07-13T10:18:21Z
PKS_MUL_TRF_01,Multan,traffic,197.02,295.76,780.85,36.33,56.52,35.75,247.1,HAZARDOUS,2026-07-13T10:18:21Z
PKS_MUL_PRK_02,Multan,park,20.96,31.89,564.01,32.43,81.38,13.96,69.63,MODERATE,2026-07-13T10:18:21Z
PKS_KHI_IND_01,Karachi,industrial,381.57,563.11,1233.08,45.0,47.69,18.16,405.37,HAZARDOUS,2026-07-13T10:18:33Z
PKS_KHI_TRF_02,Karachi,traffic,284.22,380.58,935.25,39.76,52.39,17.19,327.85,HAZARDOUS,2026-07-13T10:18:33Z
PKS_LHR_RES_01,Lahore,residential,42.69,64.11,603.13,36.81,76.46,18.95,118.7,UNHEALTHY,2026-07-13T10:18:33Z
PKS_LHR_IND_02,Lahore,industrial,158.9,234.01,878.84,41.42,39.61,21.44,209.32,HAZARDOUS,2026-07-13T10:18:33Z
PKS_ISB_PRK_01,Islamabad,park,24.09,34.27,540.66,28.57,74.16,16.05,76.22,MODERATE,2026-07-13T10:18:33Z
PKS_ISB_TRF_02,Islamabad,traffic,229.45,288.39,770.41,31.59,76.51,22.34,279.24,HAZARDOUS,2026-07-13T10:18:33Z
PKS_PEW_IND_01,Peshawar,industrial,140.86,218.68,899.0,45.0,47.13,15.3,195.07,UNHEALTHY,2026-07-13T10:18:33Z
PKS_PEW_RES_02,Peshawar,residential,64.19,99.57,567.26,45.0,39.77,23.45,155.49,UNHEALTHY,2026-07-13T10:18:33Z
PKS_MUL_TRF_01,Multan,traffic,88.41,131.32,763.81,36.93,33.21,12.17,167.99,UNHEALTHY,2026-07-13T10:18:33Z
PKS_MUL_PRK_02,Multan,park,94.92,114.54,650.51,40.01,62.63,13.27,171.35,UNHEALTHY,2026-07-13T10:18:33Z
PKS_KHI_IND_01,Karachi,industrial,167.02,264.69,1196.94,35.15,48.81,32.14,217.37,HAZARDOUS,2026-07-13T10:18:44Z
PKS_KHI_TRF_02,Karachi,traffic,90.96,133.3,785.23,44.81,61.31,19.71,169.31,UNHEALTHY,2026-07-13T10:18:44Z
PKS_LHR_RES_01,Lahore,residential,46.05,57.71,568.79,45.0,45.5,14.26,126.98,UNHEALTHY,2026-07-13T10:18:44Z
PKS_LHR_IND_02,Lahore,industrial,127.77,157.49,976.47,45.0,37.91,20.81,188.32,UNHEALTHY,2026-07-13T10:18:44Z
PKS_ISB_PRK_01,Islamabad,park,17.87,27.24,508.01,38.07,90.0,14.91,63.13,MODERATE,2026-07-13T10:18:44Z
PKS_ISB_TRF_02,Islamabad,traffic,89.27,111.89,833.57,42.02,44.59,23.32,168.44,UNHEALTHY,2026-07-13T10:18:44Z
PKS_PEW_IND_01,Peshawar,industrial,131.65,199.95,1233.54,45.0,15.52,10.63,190.32,UNHEALTHY,2026-07-13T10:18:44Z
PKS_PEW_RES_02,Peshawar,residential,41.05,57.08,486.44,43.06,47.87,9.18,114.67,UNHEALTHY,2026-07-13T10:18:44Z
PKS_MUL_TRF_01,Multan,traffic,71.63,114.51,757.47,41.34,36.27,33.18,159.33,UNHEALTHY,2026-07-13T10:18:44Z
PKS_MUL_PRK_02,Multan,park,20.74,32.15,516.66,36.24,88.05,15.81,69.17,MODERATE,2026-07-13T10:18:44Z
PKS_KHI_IND_01,Karachi,industrial,120.28,163.45,983.69,45.0,38.01,25.31,184.45,UNHEALTHY,2026-07-13T10:18:55Z
PKS_KHI_TRF_02,Karachi,traffic,95.15,144.74,604.23,44.76,46.53,40.57,171.47,UNHEALTHY,2026-07-13T10:18:55Z
PKS_LHR_RES_01,Lahore,residential,47.61,58.46,573.91,45.0,51.74,13.51,130.82,UNHEALTHY,2026-07-13T10:18:55Z
PKS_LHR_IND_02,Lahore,industrial,119.03,157.99,1051.99,39.07,27.39,15.69,183.8,UNHEALTHY,2026-07-13T10:18:55Z
PKS_ISB_PRK_01,Islamabad,park,18.29,24.28,454.34,45.0,90.0,8.51,64.02,MODERATE,2026-07-13T10:18:55Z
PKS_ISB_TRF_02,Islamabad,traffic,89.21,139.13,665.82,45.0,29.24,16.82,168.41,UNHEALTHY,2026-07-13T10:18:55Z
PKS_PEW_IND_01,Peshawar,industrial,500.0,600.0,1248.46,45.0,43.54,30.62,499.68,HAZARDOUS,2026-07-13T10:18:55Z
PKS_PEW_RES_02,Peshawar,residential,59.38,87.25,639.51,33.88,58.7,16.49,153.0,UNHEALTHY,2026-07-13T10:18:55Z
PKS_MUL_TRF_01,Multan,traffic,67.62,98.6,727.71,45.0,39.53,27.19,157.26,UNHEALTHY,2026-07-13T10:18:55Z
PKS_MUL_PRK_02,Multan,park,18.97,26.45,568.95,45.0,81.3,15.78,65.45,MODERATE,2026-07-13T10:18:55Z
PKS_KHI_IND_01,Karachi,industrial,167.73,203.11,742.59,45.0,30.0,30.13,218.07,HAZARDOUS,2026-07-13T10:19:06Z
PKS_KHI_TRF_02,Karachi,traffic,224.37,326.3,886.78,45.0,30.16,32.87,274.2,HAZARDOUS,2026-07-13T10:19:06Z
PKS_LHR_RES_01,Lahore,residential,52.68,72.67,651.15,30.29,78.49,12.48,143.3,UNHEALTHY,2026-07-13T10:19:06Z
PKS_LHR_IND_02,Lahore,industrial,149.5,199.15,1021.07,45.0,16.64,17.27,199.54,UNHEALTHY,2026-07-13T10:19:06Z
PKS_ISB_PRK_01,Islamabad,park,25.66,38.38,613.09,30.06,90.0,3.44,79.52,MODERATE,2026-07-13T10:19:06Z
PKS_ISB_TRF_02,Islamabad,traffic,93.16,131.82,648.56,39.46,39.98,19.37,170.45,UNHEALTHY,2026-07-13T10:19:06Z
PKS_PEW_IND_01,Peshawar,industrial,119.52,144.58,843.4,42.28,38.78,18.55,184.06,UNHEALTHY,2026-07-13T10:19:06Z
PKS_PEW_RES_02,Peshawar,residential,204.75,306.7,796.25,38.41,36.75,6.92,254.76,HAZARDOUS,2026-07-13T10:19:06Z
PKS_MUL_TRF_01,Multan,traffic,100.49,142.34,644.89,45.0,61.37,33.4,174.23,UNHEALTHY,2026-07-13T10:19:06Z
PKS_MUL_PRK_02,Multan,park,20.41,30.49,595.63,25.78,88.01,7.53,68.48,MODERATE,2026-07-13T10:19:06Z
PKS_KHI_IND_01,Karachi,industrial,128.83,158.93,995.81,45.0,13.58,17.23,188.86,UNHEALTHY,2026-07-13T10:19:17Z
PKS_KHI_TRF_02,Karachi,traffic,86.08,134.26,859.82,37.96,66.24,13.49,166.79,UNHEALTHY,2026-07-13T10:19:17Z
PKS_LHR_RES_01,Lahore,residential,207.17,257.92,833.39,29.72,90.0,18.11,257.16,HAZARDOUS,2026-07-13T10:19:17Z
PKS_LHR_IND_02,Lahore,industrial,136.4,186.26,901.25,45.0,12.86,24.62,192.77,UNHEALTHY,2026-07-13T10:19:17Z
PKS_ISB_PRK_01,Islamabad,park,13.23,17.52,598.39,37.1,84.86,7.17,53.38,MODERATE,2026-07-13T10:19:17Z
PKS_ISB_TRF_02,Islamabad,traffic,79.97,116.48,665.53,41.61,50.0,28.86,163.63,UNHEALTHY,2026-07-13T10:19:17Z
PKS_PEW_IND_01,Peshawar,industrial,103.37,138.54,1248.67,45.0,33.3,10.89,175.72,UNHEALTHY,2026-07-13T10:19:17Z
PKS_PEW_RES_02,Peshawar,residential,48.28,64.92,551.37,33.52,35.34,8.65,132.47,UNHEALTHY,2026-07-13T10:19:17Z
PKS_MUL_TRF_01,Multan,traffic,97.24,141.08,622.88,42.75,60.81,17.68,172.55,UNHEALTHY,2026-07-13T10:19:17Z
PKS_MUL_PRK_02,Multan,park,12.14,15.49,463.26,28.64,90.0,14.74,51.08,MODERATE,2026-07-13T10:19:17Z
PKS_KHI_IND_01,Karachi,industrial,159.82,251.31,943.38,45.0,48.03,24.11,210.24,HAZARDOUS,2026-07-13T10:19:28Z
PKS_KHI_TRF_02,Karachi,traffic,93.02,125.76,908.48,41.77,55.41,30.33,170.37,UNHEALTHY,2026-07-13T10:19:28Z
PKS_LHR_RES_01,Lahore,residential,54.41,69.86,551.6,42.1,49.98,5.05,147.56,UNHEALTHY,2026-07-13T10:19:28Z
PKS_LHR_IND_02,Lahore,industrial,136.33,199.72,984.25,44.35,25.98,27.92,192.74,UNHEALTHY,2026-07-13T10:19:28Z
PKS_ISB_PRK_01,Islamabad,park,20.36,30.11,497.0,38.13,90.0,15.6,68.37,MODERATE,2026-07-13T10:19:28Z
PKS_ISB_TRF_02,Islamabad,traffic,92.34,119.55,874.45,43.09,52.67,20.81,170.02,UNHEALTHY,2026-07-13T10:19:28Z
PKS_PEW_IND_01,Peshawar,industrial,106.71,130.06,792.95,36.68,49.76,7.87,177.44,UNHEALTHY,2026-07-13T10:19:28Z
PKS_PEW_RES_02,Peshawar,residential,146.78,219.51,713.46,34.96,37.89,10.8,198.13,UNHEALTHY,2026-07-13T10:19:28Z
PKS_MUL_TRF_01,Multan,traffic,74.3,114.52,856.69,41.22,47.53,22.7,160.71,UNHEALTHY,2026-07-13T10:19:28Z
PKS_MUL_PRK_02,Multan,park,16.5,20.89,453.84,40.51,90.0,11.58,60.25,MODERATE,2026-07-13T10:19:28Z
